{
  "Betton, 35, Ille-et-Vilaine, Bretagne, France": {
    "lat": 48.1817122,
    "lon": -1.6414898
  },
  "Chevaigné, 35, Ille-et-Vilaine, Bretagne, France": {
    "lat": 48.2120161,
    "lon": -1.6303916
  },
  "Saint-Sulpice-la-Forêt, 35, Ille-et-Vilaine, Bretagne, France": {
    "lat": 48.2192441,
    "lon": -1.5791541
  },
  "Thonon (74)": {
    "lat": 46.3731303,
    "lon": 6.4779448
  },
  "Vanzy (74)": {
    "lat": 46.0423558,
    "lon": 5.8872815
  },
  "Chaumont (74), France": {
    "lat": 46.0350695,
    "lon": 5.9569966
  },
  "Reignier (74)": {
    "lat": 46.1255781,
    "lon": 6.2674954
  },
  "Usinens (74)": {
    "lat": 46.0091094,
    "lon": 5.8421464
  },
  "La Roche-sur-Foron (74)": {
    "lat": 46.0672189,
    "lon": 6.3121658
  },
  "Desingy (74)": {
    "lat": 45.9950567,
    "lon": 5.8903594
  },
  "Cornier (74)": {
    "lat": 46.0936296,
    "lon": 6.2993973
  },
  "Chessenaz (74)": {
    "lat": 46.034437,
    "lon": 5.8986828
  },
  "Frangy (74)": {
    "lat": 46.0190661,
    "lon": 5.9293421
  },
  "Amancy (74)": {
    "lat": 46.075,
    "lon": 6.33
  },
  "Chilly (74)": {
    "lat": 45.9916777,
    "lon": 5.9530881
  },
  "Savigny (74)": {
    "lat": 46.0674035,
    "lon": 5.9613474
  },
  "Thorens (74)": {
    "lat": 45.9873594,
    "lon": 6.3062245
  },
  "Etaux (74)": {
    "lat": 46.0609328,
    "lon": 6.2709454
  },
  "La Chapelle-Rambaud (74)": {
    "lat": 46.0716672,
    "lon": 6.2400559
  },
  "Sion (74)": {
    "lat": 45.9196529,
    "lon": 5.9118344
  },
  "Dingy-en-Vuache (74)": {
    "lat": 46.0915623,
    "lon": 5.9442635
  },
  "Thusy (74)": {
    "lat": 45.9467567,
    "lon": 5.949001
  },
  "Clermont (74), France": {
    "lat": 43.6505344,
    "lon": -0.9164511
  },
  "Pers-Jussy (74)": {
    "lat": 46.1066771,
    "lon": 6.2676644
  },
  "Saint-Germain-sur-Rhône (74)": {
    "lat": 46.0595319,
    "lon": 5.8174749
  },
  "Versonnex (74)": {
    "lat": 45.9285452,
    "lon": 5.9269943
  },
  "Jonzier-Épagny (74)": {
    "lat": 46.0754815,
    "lon": 5.9859682
  },
  "Franclens (74)": {
    "lat": 46.0424606,
    "lon": 5.8295325
  },
  "Minzier (74)": {
    "lat": 46.0524746,
    "lon": 5.9890574
  },
  "Viry (74)": {
    "lat": 46.1162164,
    "lon": 6.0380035
  },
  "Menthonnex-sous-Clermont (74), France": {
    "lat": 45.9650687,
    "lon": 5.9352385
  },
  "Saint-Eusèbe (71)": {
    "lat": 46.7132598,
    "lon": 4.4619386
  },
  "Évires (74)": {
    "lat": 46.0410746,
    "lon": 6.2264481
  },
  "Saint-Sixt (74)": {
    "lat": 46.0529562,
    "lon": 6.3293244
  },
  "Cruseilles (74)": {
    "lat": 46.0338359,
    "lon": 6.1069469
  },
  "Avregny (74)": {
    "lat": 46.0090384,
    "lon": 6.0859322
  },
  "Billiat (01)": {
    "lat": 46.0779618,
    "lon": 5.784174
  },
  "La Balme-de-Sillingy (74)": {
    "lat": 45.9604149,
    "lon": 6.0409321
  },
  "Choisy (74)": {
    "lat": 45.9926863,
    "lon": 6.057783
  },
  "Boussy (74)": {
    "lat": 45.8558489,
    "lon": 5.9820959
  },
  "Moisy (74)": {
    "lat": 46.0268913,
    "lon": 5.9250989
  },
  "Musièges (74)": {
    "lat": 46.0153392,
    "lon": 5.9531938
  },
  "Sallenôves (74)": {
    "lat": 46.0067157,
    "lon": 5.9987362
  },
  "Saint-Jeoire (74)": {
    "lat": 46.1386318,
    "lon": 6.4582302
  },
  "Rumilly (74)": {
    "lat": 45.8672156,
    "lon": 5.9425679
  },
  "Contamine-Sarzin (74)": {
    "lat": 46.024799,
    "lon": 5.9823359
  },
  "Douvaine (74)": {
    "lat": 46.3059806,
    "lon": 6.3024961
  },
  "Crempigny (74)": {
    "lat": 45.9519856,
    "lon": 5.9034213
  },
  "La Roche/Foron (74)": {
    "lat": 46.0675355,
    "lon": 6.3038649
  },
  "Marcellaz (74)": {
    "lat": 46.1449164,
    "lon": 6.3543783
  },
  "Marlioz (74)": {
    "lat": 46.0325353,
    "lon": 6.0025134
  },
  "Cernex (74)": {
    "lat": 46.0625428,
    "lon": 6.0491286
  },
  "Épersy (73)": {
    "lat": 45.743591,
    "lon": 5.9680736
  },
  "Lovagny (74)": {
    "lat": 45.9040724,
    "lon": 6.0323984
  },
  "Menthonnex-en-Bornes (74)": {
    "lat": 46.0527037,
    "lon": 6.1720773
  },
  "Aix-les-Bains (73)": {
    "lat": 45.6886292,
    "lon": 5.9146362
  },
  "Glux-en-Glenne (58)": {
    "lat": 46.9563755,
    "lon": 4.0317518
  },
  "Roussillon-en-Morvan (71)": {
    "lat": 47.0261683,
    "lon": 4.1199906
  },
  "Larochemillay (58)": {
    "lat": 46.8778599,
    "lon": 4.001274
  },
  "Millay (58)": {
    "lat": 46.8420543,
    "lon": 4.0010441
  },
  "Sainte-Vertu (89)": {
    "lat": 47.7496415,
    "lon": 3.9156372
  },
  "Orléans (45)": {
    "lat": 47.8699165,
    "lon": 1.7845932
  },
  "Melun (77)": {
    "lat": 48.539927,
    "lon": 2.6608169
  },
  "Dijon (21)": {
    "lat": 47.30202,
    "lon": 5.247414
  },
  "Noyon (60)": {
    "lat": 49.5805561,
    "lon": 3.0000288
  },
  "Prasville (28)": {
    "lat": 48.2767097,
    "lon": 1.7092261
  }
}